time_utc_iso,twl_ft_mllw,tide_ft_mllw,surge_ft,src_time,source_mean_ft_mllw,source_twl90p_ft_mllw
2026-09-26T00:00:00.000Z,6.926,4.326,3,202609260000,7.326,6.926
2026-09-26T01:00:00.000Z,6.727,3.941,3.1,202609260100,7.127,6.727
2026-09-26T02:00:00.000Z,6.578,3.123,3.2,202609260200,6.878,6.578
2026-09-26T03:00:00.000Z,5.968,2.153,3.4,202609260300,6.268,5.968
2026-09-26T04:00:00.000Z,5.03,1.25,3.7,202609260400,5.53,5.03
2026-09-26T05:00:00.000Z,4.267,0.569,3.9,202609260500,4.867,4.267
2026-09-26T06:00:00.000Z,3.88,0.283,3.6,202609260600,4.28,3.88
2026-09-26T07:00:00.000Z,3.599,0.518,3.7,202609260700,4.099,3.599
2026-09-26T08:00:00.000Z,4.167,1.25,3.8,202609260800,4.667,4.167
2026-09-26T09:00:00.000Z,4.789,2.267,3.9,202609260900,5.389,4.789
2026-09-26T10:00:00.000Z,5.377,3.266,4,202609261000,6.077,5.377
2026-09-26T11:00:00.000Z,6.248,4.02,4,202609261100,6.848,6.248
2026-09-26T12:00:00.000Z,7.029,4.37,3.8,202609261200,7.629,7.029
2026-09-26T13:00:00.000Z,7.508,4.172,3.8,202609261300,8.108,7.508
2026-09-26T14:00:00.000Z,7.298,3.453,3.8,202609261400,7.898,7.298
2026-09-26T15:00:00.000Z,6.648,2.474,3.8,202609261500,7.248,6.648
2026-09-26T16:00:00.000Z,5.659,1.503,3.7,202609261600,6.359,5.659
2026-09-26T17:00:00.000Z,4.798,0.712,3.6,202609261700,5.398,4.798
2026-09-26T18:00:00.000Z,4.049,0.269,3.4,202609261800,4.549,4.049
2026-09-26T19:00:00.000Z,3.398,0.329,3.3,202609261900,3.798,3.398
2026-09-26T20:00:00.000Z,3.198,0.923,3.2,202609262000,3.598,3.198
2026-09-26T21:00:00.000Z,3.88,1.894,3.1,202609262100,4.28,3.88
2026-09-26T22:00:00.000Z,4.739,2.943,3,202609262200,5.139,4.739
2026-09-26T23:00:00.000Z,5.599,3.796,3,202609262300,5.999,5.599
2026-09-27T00:00:00.000Z,6.499,4.282,2.9,202609270000,6.799,6.499
2026-09-27T01:00:00.000Z,6.997,4.251,2.8,202609270100,7.297,6.997
2026-09-27T02:00:00.000Z,6.899,3.656,2.7,202609270200,7.199,6.899
2026-09-27T03:00:00.000Z,6.058,2.696,2.7,202609270300,6.458,6.058
2026-09-27T04:00:00.000Z,5.267,1.676,2.6,202609270400,5.667,5.267
2026-09-27T05:00:00.000Z,4.318,0.807,2.6,202609270500,4.818,4.318
2026-09-27T06:00:00.000Z,3.698,0.255,2.4,202609270600,3.998,3.698
2026-09-27T07:00:00.000Z,2.999,0.19,2.3,202609270700,3.299,2.999
2026-09-27T08:00:00.000Z,2.768,0.685,2.2,202609270800,3.168,2.768
2026-09-27T09:00:00.000Z,3.737,1.638,2.1,202609270900,4.037,3.737
2026-09-27T10:00:00.000Z,4.688,2.778,1.9,202609271000,4.988,4.688
2026-09-27T11:00:00.000Z,5.459,3.789,1.8,202609271100,5.759,5.459
2026-09-27T12:00:00.000Z,6.197,4.455,1.7,202609271200,6.497,6.197
2026-09-27T13:00:00.000Z,6.897,4.627,1.5,202609271300,7.097,6.897
2026-09-27T14:00:00.000Z,7.068,4.203,1.5,202609271400,7.268,7.068
2026-09-27T15:00:00.000Z,6.379,3.292,1.4,202609271500,6.579,6.379
2026-09-27T16:00:00.000Z,5.518,2.197,1.3,202609271600,5.618,5.518
2026-09-27T17:00:00.000Z,4.457,1.182,1.3,202609271700,4.657,4.457
2026-09-27T18:00:00.000Z,3.388,0.429,1.5,202609271800,3.588,3.388
2026-09-27T19:00:00.000Z,2.52,0.114,1.4,202609271900,2.62,2.52
2026-09-27T20:00:00.000Z,1.999,0.355,1.3,202609272000,2.099,1.999
2026-09-27T21:00:00.000Z,2.33,1.111,1.3,202609272100,2.43,2.33
2026-09-27T22:00:00.000Z,3.25,2.168,1.3,202609272200,3.45,3.25
2026-09-27T23:00:00.000Z,4.38,3.207,1.2,202609272300,4.48,4.38
2026-09-28T00:00:00.000Z,5.108,3.966,1.3,202609280000,5.208,5.108
2026-09-28T01:00:00.000Z,5.597,4.287,1.3,202609280100,5.697,5.597
2026-09-28T02:00:00.000Z,5.917,4.054,1.2,202609280200,5.917,5.917
2026-09-28T03:00:00.000Z,5.539,3.288,1.2,202609280300,5.539,5.539
2026-09-28T04:00:00.000Z,4.759,2.242,1.2,202609280400,4.759,4.759
2026-09-28T05:00:00.000Z,3.86,1.224,1.2,202609280500,3.86,3.86
2026-09-28T06:00:00.000Z,2.807,0.443,1.2,202609280600,2.807,2.807
2026-09-28T07:00:00.000Z,1.881,0.073,1.2,202609280700,1.981,1.881
2026-09-28T08:00:00.000Z,1.659,0.246,1.1,202609280800,1.659,1.659
2026-09-28T09:00:00.000Z,2.159,0.971,1.1,202609280900,2.259,2.159
2026-09-28T10:00:00.000Z,3.229,2.083,1.1,202609281000,3.329,3.229
2026-09-28T11:00:00.000Z,4.347,3.278,1,202609281100,4.447,4.347
2026-09-28T12:00:00.000Z,5.249,4.241,1.1,202609281200,5.349,5.249
2026-09-28T13:00:00.000Z,5.899,4.774,1,202609281300,5.999,5.899
2026-09-28T14:00:00.000Z,6.348,4.754,1,202609281400,6.448,6.348
2026-09-28T15:00:00.000Z,6.177,4.134,1,202609281500,6.277,6.177
2026-09-28T16:00:00.000Z,5.338,3.081,1,202609281600,5.438,5.338
2026-09-28T17:00:00.000Z,4.498,1.918,1,202609281700,4.598,4.498
2026-09-28T18:00:00.000Z,3.478,0.911,1,202609281800,3.578,3.478
2026-09-28T19:00:00.000Z,2.468,0.246,1,202609281900,2.568,2.468
2026-09-28T20:00:00.000Z,1.74,0.079,1,202609282000,1.84,1.74
2026-09-28T21:00:00.000Z,1.589,0.471,1,202609282100,1.689,1.589
2026-09-28T22:00:00.000Z,2.489,1.331,0.9,202609282200,2.489,2.489
2026-09-28T23:00:00.000Z,3.568,2.413,0.9,202609282300,3.568,3.568
2026-09-29T00:00:00.000Z,4.539,3.389,0.9,202609290000,4.539,4.539
2026-09-29T01:00:00.000Z,5.059,4.017,0.9,202609290100,5.159,5.059
2026-09-29T02:00:00.000Z,5.416,4.171,0.9,202609290200,5.516,5.416
2026-09-29T03:00:00.000Z,5.569,3.774,0.8,202609290300,5.569,5.569
2026-09-29T04:00:00.000Z,4.969,2.896,0.8,202609290400,4.969,4.969
2026-09-29T05:00:00.000Z,3.97,1.822,0.8,202609290500,4.07,3.97
2026-09-29T06:00:00.000Z,3.007,0.861,0.7,202609290600,3.007,3.007
2026-09-29T07:00:00.000Z,2.03,0.219,0.7,202609290700,2.03,2.03
2026-09-29T08:00:00.000Z,1.248,0.044,0.7,202609290800,1.348,1.248
2026-09-29T09:00:00.000Z,1.371,0.421,0.6,202609290900,1.371,1.371
2026-09-29T10:00:00.000Z,2.168,1.306,0.6,202609291000,2.168,2.168
2026-09-29T11:00:00.000Z,3.197,2.503,0.6,202609291100,3.197,3.197
2026-09-29T12:00:00.000Z,4.2,3.686,0.6,202609291200,4.3,4.2
2026-09-29T13:00:00.000Z,5.059,4.552,0.6,202609291300,5.159,5.059
2026-09-29T14:00:00.000Z,5.789,4.942,0.5,202609291400,5.789,5.789
2026-09-29T15:00:00.000Z,6.067,4.762,0.5,202609291500,6.067,6.067
2026-09-29T16:00:00.000Z,5.598,4,0.5,202609291600,5.598,5.598
2026-09-29T17:00:00.000Z,4.729,2.866,0.5,202609291700,4.729,4.729
2026-09-29T18:00:00.000Z,3.709,1.697,0.5,202609291800,3.709,3.709
2026-09-29T19:00:00.000Z,2.62,0.753,0.5,202609291900,2.62,2.62
2026-09-29T20:00:00.000Z,1.669,0.199,0.5,202609292000,1.669,1.669
2026-09-29T21:00:00.000Z,1.069,0.152,0.5,202609292100,1.069,1.069
2026-09-29T22:00:00.000Z,1.21,0.637,0.5,202609292200,1.21,1.21
2026-09-29T23:00:00.000Z,2.04,1.537,0.5,202609292300,2.04,2.04
2026-09-30T00:00:00.000Z,2.95,2.582,0.5,202609300000,3.05,2.95
2026-09-30T01:00:00.000Z,3.939,3.451,0.4,202609300100,3.939,3.939
2026-09-30T02:00:00.000Z,4.459,3.945,0.5,202609300200,4.559,4.459
2026-09-30T03:00:00.000Z,4.787,3.97,0.5,202609300300,4.887,4.787
2026-09-30T04:00:00.000Z,4.769,3.466,0.4,202609300400,4.769,4.769
2026-09-30T05:00:00.000Z,3.978,2.537,0.4,202609300500,3.978,3.978
2026-09-30T06:00:00.000Z,3.04,1.498,0.4,202609300600,3.04,3.04
2026-09-30T07:00:00.000Z,1.999,0.647,0.5,202609300700,2.099,1.999
2026-09-30T08:00:00.000Z,1.261,0.157,0.5,202609300800,1.361,1.261
2026-09-30T09:00:00.000Z,0.861,0.14,0.5,202609300900,0.961,0.861
2026-09-30T10:00:00.000Z,1.1,0.649,0.5,202609301000,1.2,1.1
2026-09-30T11:00:00.000Z,1.999,1.618,0.5,202609301100,2.099,1.999
2026-09-30T12:00:00.000Z,3.088,2.824,0.5,202609301200,3.188,3.088
2026-09-30T13:00:00.000Z,4.2,3.936,0.5,202609301300,4.3,4.2
2026-09-30T14:00:00.000Z,5.02,4.692,0.5,202609301400,5.12,5.02
2026-09-30T15:00:00.000Z,5.548,4.969,0.5,202609301500,5.648,5.548
2026-09-30T16:00:00.000Z,5.669,4.683,0.5,202609301600,5.769,5.669
2026-09-30T17:00:00.000Z,5.098,3.844,0.5,202609301700,5.198,5.098
2026-09-30T18:00:00.000Z,4.219,2.7,0.5,202609301800,4.319,4.219
2026-09-30T19:00:00.000Z,3.299,1.591,0.5,202609301900,3.299,3.299
2026-09-30T20:00:00.000Z,2.328,0.74,0.5,202609302000,2.328,2.328
2026-09-30T21:00:00.000Z,1.528,0.274,0.5,202609302100,1.528,1.528
2026-09-30T22:00:00.000Z,1.088,0.293,0.5,202609302200,1.088,1.088
2026-09-30T23:00:00.000Z,1.338,0.807,0.5,202609302300,1.338,1.338
2026-10-01T00:00:00.000Z,2.092,1.683,0.5,202610010000,2.092,2.092
2026-10-01T01:00:00.000Z,2.975,2.641,0.5,202610010100,2.975,2.975
2026-10-01T02:00:00.000Z,3.804,3.394,0.5,202610010200,3.804,3.804
2026-10-01T03:00:00.000Z,4.423,3.788,0.5,202610010300,4.423,4.423
2026-10-01T04:00:00.000Z,4.603,3.736,0.5,202610010400,4.703,4.603
2026-10-01T05:00:00.000Z,4.405,3.182,0.4,202610010500,4.405,4.405
2026-10-01T06:00:00.000Z,3.755,2.27,0.4,202610010600,3.755,3.755
2026-10-01T07:00:00.000Z,2.874,1.325,0.4,202610010700,2.874,2.874
2026-10-01T08:00:00.000Z,1.995,0.603,0.4,202610010800,1.995,1.995
2026-10-01T09:00:00.000Z,1.321,0.231,0.4,202610010900,1.321,1.321
2026-10-01T10:00:00.000Z,1.053,0.304,0.4,202610011000,1.053,1.053
2026-10-01T11:00:00.000Z,1.321,0.866,0.4,202610011100,1.321,1.321
2026-10-01T12:00:00.000Z,2.113,1.839,0.4,202610011200,2.113,2.113
2026-10-01T13:00:00.000Z,3.256,2.987,0.4,202610011300,3.256,3.256
2026-10-01T14:00:00.000Z,4.461,4.005,0.4,202610011400,4.461,4.461
2026-10-01T15:00:00.000Z,5.446,4.676,0.4,202610011500,5.446,5.446
2026-10-01T16:00:00.000Z,6.001,4.89,0.4,202610011600,6.001,6.001
2026-10-01T17:00:00.000Z,5.962,4.555,0.4,202610011700,5.962,5.962
2026-10-01T18:00:00.000Z,5.337,3.712,0.4,202610011800,5.337,5.337
2026-10-01T19:00:00.000Z,4.359,2.634,0.4,202610011900,4.359,4.359
2026-10-01T20:00:00.000Z,3.185,1.624,0.4,202610012000,3.285,3.185
2026-10-01T21:00:00.000Z,2.178,0.849,0.4,202610012100,2.278,2.178
2026-10-01T22:00:00.000Z,1.421,0.425,0.4,202610012200,1.521,1.421
2026-10-01T23:00:00.000Z,1.118,0.451,0.4,202610012300,1.218,1.118
2026-10-02T00:00:00.000Z,1.348,0.934,0.4,202610020000,1.448,1.348
2026-10-02T01:00:00.000Z,1.895,1.733,0.3,202610020100,1.995,1.895
2026-10-02T02:00:00.000Z,2.714,2.587,0.3,202610020200,2.814,2.714
2026-10-02T03:00:00.000Z,3.493,3.251,0.3,202610020300,3.593,3.493
2026-10-02T04:00:00.000Z,4.105,3.594,0.2,202610020400,4.105,4.105
2026-10-02T05:00:00.000Z,4.264,3.518,0.2,202610020500,4.364,4.264
2026-10-02T06:00:00.000Z,3.983,2.978,0.2,202610020600,4.083,3.983
2026-10-02T07:00:00.000Z,3.249,2.148,0.1,202610020700,3.249,3.249
2026-10-02T08:00:00.000Z,2.268,1.325,0.1,202610020800,2.368,2.268
2026-10-02T09:00:00.000Z,1.482,0.704,0.1,202610020900,1.582,1.482
2026-10-02T10:00:00.000Z,0.92,0.386,0.1,202610021000,1.02,0.92
2026-10-02T11:00:00.000Z,0.727,0.475,0.1,202610021100,0.827,0.727
2026-10-02T12:00:00.000Z,1.029,1.015,0.1,202610021200,1.129,1.029
2026-10-02T13:00:00.000Z,1.84,1.924,0.1,202610021300,1.94,1.84
2026-10-02T14:00:00.000Z,2.986,2.983,0.1,202610021400,3.086,2.986
2026-10-02T15:00:00.000Z,4.159,3.919,0.1,202610021500,4.259,4.159
2026-10-02T16:00:00.000Z,5.084,4.545,0.1,202610021600,5.184,5.084
2026-10-02T17:00:00.000Z,5.563,4.746,0.1,202610021700,5.663,5.563
2026-10-02T18:00:00.000Z,5.454,4.427,0,202610021800,5.454,5.454
2026-10-02T19:00:00.000Z,4.812,3.652,0.1,202610021900,4.912,4.812
2026-10-02T20:00:00.000Z,3.879,2.683,0.1,202610022000,3.979,3.879
2026-10-02T21:00:00.000Z,2.86,1.763,0,202610022100,2.86,2.86
2026-10-02T22:00:00.000Z,1.894,1.025,0,202610022200,1.894,1.894
2026-10-02T23:00:00.000Z,1.183,0.592,0,202610022300,1.183,1.183
2026-10-03T00:00:00.000Z,0.925,0.573,0,202610030000,0.925,0.925
2026-10-03T01:00:00.000Z,1.151,0.978,0,202610030100,1.151,1.151
2026-10-03T02:00:00.000Z,1.642,1.683,0,202610030200,1.742,1.642
2026-10-03T03:00:00.000Z,2.42,2.454,0,202610030300,2.52,2.42
2026-10-03T04:00:00.000Z,3.213,3.074,0,202610030400,3.313,3.213
2026-10-03T05:00:00.000Z,3.817,3.415,0,202610030500,3.917,3.817
2026-10-03T06:00:00.000Z,3.978,3.371,0,202610030600,4.078,3.978
2026-10-03T07:00:00.000Z,3.698,2.907,0,202610030700,3.698,3.698
2026-10-03T08:00:00.000Z,2.995,2.191,0,202610030800,2.995,2.995
2026-10-03T09:00:00.000Z,2.247,1.47,0.1,202610030900,2.347,2.247
2026-10-03T10:00:00.000Z,1.559,0.892,0.1,202610031000,1.659,1.559
2026-10-03T11:00:00.000Z,1.117,0.565,0.2,202610031100,1.217,1.117
2026-10-03T12:00:00.000Z,0.911,0.602,0.2,202610031200,1.011,0.911
2026-10-03T13:00:00.000Z,1.316,1.058,0.3,202610031300,1.416,1.316
2026-10-03T14:00:00.000Z,2.136,1.871,0.3,202610031400,2.236,2.136
2026-10-03T15:00:00.000Z,3.359,2.846,0.4,202610031500,3.459,3.359
2026-10-03T16:00:00.000Z,4.462,3.731,0.4,202610031600,4.562,4.462
2026-10-03T17:00:00.000Z,5.285,4.351,0.5,202610031700,5.485,5.285
2026-10-03T18:00:00.000Z,5.772,4.588,0.5,202610031800,5.872,5.772
2026-10-03T19:00:00.000Z,5.651,4.345,0.5,202610031900,5.751,5.651
2026-10-03T20:00:00.000Z,5.088,3.679,0.6,202610032000,5.288,5.088
2026-10-03T21:00:00.000Z,4.245,2.812,0.6,202610032100,4.445,4.245
2026-10-03T22:00:00.000Z,3.373,1.943,0.6,202610032200,3.473,3.373
2026-10-03T23:00:00.000Z,2.447,1.198,0.7,202610032300,2.647,2.447
2026-10-04T00:00:00.000Z,1.789,0.714,0.7,202610040000,1.989,1.789
2026-10-04T01:00:00.000Z,1.537,0.613,0.7,202610040100,1.737,1.537
2026-10-04T02:00:00.000Z,1.81,0.93,0.7,202610040200,1.91,1.81
2026-10-04T03:00:00.000Z,2.366,1.564,0.7,202610040300,2.466,2.366
2026-10-04T04:00:00.000Z,3.157,2.293,0.8,202610040400,3.357,3.157
2026-10-04T05:00:00.000Z,3.932,2.914,0.8,202610040500,4.132,3.932
2026-10-04T06:00:00.000Z,4.433,3.304,0.8,202610040600,4.633,4.433
2026-10-04T07:00:00.000Z,4.607,3.346,0.8,202610040700,4.707,4.607
2026-10-04T08:00:00.000Z,4.19,2.988,0.8,202610040800,4.39,4.19
2026-10-04T09:00:00.000Z,3.758,2.37,0.9,202610040900,3.958,3.758
2026-10-04T10:00:00.000Z,3.121,1.699,0.9,202610041000,3.321,3.121
2026-10-04T11:00:00.000Z,2.424,1.109,0.9,202610041100,2.624,2.424
2026-10-04T12:00:00.000Z,1.833,0.713,0.9,202610041200,2.033,1.833
2026-10-04T13:00:00.000Z,1.612,0.647,0.9,202610041300,1.812,1.612
2026-10-04T14:00:00.000Z,2.022,0.994,0.9,202610041400,2.122,2.022
2026-10-04T15:00:00.000Z,2.816,1.719,0.9,202610041500,2.916,2.816
2026-10-04T16:00:00.000Z,3.842,2.634,0.9,202610041600,3.942,3.842
2026-10-04T17:00:00.000Z,4.692,3.498,0.9,202610041700,4.892,4.692
2026-10-04T18:00:00.000Z,5.398,4.154,0.9,202610041800,5.598,5.398
2026-10-04T19:00:00.000Z,5.786,4.473,0.9,202610041900,5.986,5.786
2026-10-04T20:00:00.000Z,5.764,4.328,0.9,202610042000,5.964,5.764
2026-10-04T21:00:00.000Z,5.304,3.755,0.9,202610042100,5.504,5.304
2026-10-04T22:00:00.000Z,4.521,2.953,0.9,202610042200,4.721,4.521
2026-10-04T23:00:00.000Z,3.602,2.094,0.9,202610042300,3.802,3.602
2026-10-05T00:00:00.000Z,2.744,1.303,0.9,202610050000,2.944,2.744
2026-10-05T01:00:00.000Z,2.106,0.739,0.9,202610050100,2.306,2.106
2026-10-05T02:00:00.000Z,1.804,0.557,0.9,202610050200,2.004,1.804
2026-10-05T03:00:00.000Z,1.942,0.82,0.8,202610050300,2.042,1.942
2026-10-05T04:00:00.000Z,2.509,1.427,0.8,202610050400,2.609,2.509
2026-10-05T05:00:00.000Z,3.39,2.158,0.8,202610050500,3.49,3.39
2026-10-05T06:00:00.000Z,3.961,2.829,0.8,202610050600,4.161,3.961
